relato_id,tutor_id,nome_cao,descricao,foto_url,latitude,longitude,data_desaparecimento,raca_provavel,porte,cor,timestamp_criacao,status
REL_01020_Rex,1020,Rex,As orelhas são caídas e peludas.,https://res.cloudinary.com/dljzc4kbw/image/upload/v1774029680/unnamed_2_ca2gcy.jpg,23.4,12.6,22/03/2026,Golden Retriever,Grande,Dourado,2026-03-22 19:29:49,ATIVO
REL_01020_Rex,1020,Rex,As orelhas são caídas e peludas.,https://res.cloudinary.com/dljzc4kbw/image/upload/v1774029680/unnamed_2_ca2gcy.jpg,23.4,12.6,22/03/2026,Golden Retriever,Grande,Dourado,2026-03-22 19:29:50,ATIVO
REL_01020_Rex,1020,Rex,As orelhas são caídas e peludas.,https://res.cloudinary.com/dljzc4kbw/image/upload/v1774029680/unnamed_2_ca2gcy.jpg,23.4,12.6,22/03/2026,Golden Retriever,Grande,Dourado,2026-03-22 19:32:56,ATIVO
REL_PEDRO001_Rex,PEDRO001,Rex,As orelhas caídas e peludas,https://res.cloudinary.com/dljzc4kbw/image/upload/v1774029680/unnamed_2_ca2gcy.jpg,0.0,0.0,string,Golden Retriever,Grande,Dourado,2026-03-22 19:38:38,ATIVO
REL_PEDRO001_Rex,PEDRO001,Rex,As orelhas caídas e peludas,https://res.cloudinary.com/dljzc4kbw/image/upload/v1774029680/unnamed_2_ca2gcy.jpg,0.0,0.0,string,Golden Retriever,Grande,Dourado,2026-03-22 19:45:17,ATIVO
REL_PEDRO001_Rex,PEDRO001,Rex,As orelhas caídas e peludas,https://res.cloudinary.com/dljzc4kbw/image/upload/v1774029680/unnamed_2_ca2gcy.jpg,0.0,0.0,string,Golden Retriever,Grande,Dourado,2026-03-22 19:54:34,ATIVO
REL_PEDRO001_Rex,PEDRO001,Rex,As orelhas caídas e peludas,https://res.cloudinary.com/dljzc4kbw/image/upload/v1774029680/unnamed_2_ca2gcy.jpg,0.0,0.0,string,Golden Retriever,Grande,Dourado,2026-03-22 20:03:10,ATIVO
REL_PEDRO001_Rex,PEDRO001,Rex,As orelhas caídas e peludas,https://res.cloudinary.com/dljzc4kbw/image/upload/v1774029680/unnamed_2_ca2gcy.jpg,0.0,0.0,string,Golden Retriever,Grande,Dourado,2026-03-22 20:06:24,ATIVO
REL_PEDRO001_Rex,PEDRO001,Rex,As orelhas caídas e peludas,https://res.cloudinary.com/dljzc4kbw/image/upload/v1774029680/unnamed_2_ca2gcy.jpg,0.0,0.0,string,Golden Retriever,Grande,Dourado,2026-03-22 20:15:23,ATIVO
